antecedent_ids,antecedent_names,consequent_id,consequent_name,support,confidence,lift,puntaje_general
SYN-PROD-011|SYN-PROD-010,Café|Jengibre,SYN-PROD-003,Copal,0.052378085490668275,0.9560439560439561,8.143533389687237,0.8933002590213862
SYN-PROD-004|SYN-PROD-010,Anís Estrella|Jengibre,SYN-PROD-003,Copal,0.05177603853100542,0.9555555555555556,8.13937321937322,0.8902331039783588
SYN-PROD-004|SYN-PROD-011,Anís Estrella|Café,SYN-PROD-003,Copal,0.05177603853100542,0.9247311827956989,7.876812792941825,0.8690956708692384
SYN-PROD-009|SYN-PROD-003,Canela|Copal,SYN-PROD-011,Café,0.052378085490668275,0.9666666666666667,7.0732745961820855,0.853072822689411
SYN-PROD-011|SYN-PROD-009,Café|Canela,SYN-PROD-003,Copal,0.052378085490668275,0.8969072164948454,7.639809674861222,0.8527479698880708
SYN-PROD-009|SYN-PROD-003,Canela|Copal,SYN-PROD-010,Jengibre,0.05177603853100542,0.9555555555555556,7.149449449449451,0.8497132738033563
SYN-PROD-007|SYN-PROD-008,Menta|Romero,SYN-PROD-012,Hierbabuena,0.047561709813365445,0.8977272727272727,8.016801075268816,0.8465975848268288
SYN-PROD-004|SYN-PROD-010,Anís Estrella|Jengibre,SYN-PROD-011,Café,0.05177603853100542,0.9555555555555556,6.991972589329418,0.8432673879458545
SYN-PROD-008|SYN-PROD-013,Romero|Vaporub,SYN-PROD-012,Hierbabuena,0.048163756773028296,0.8888888888888888,7.937873357228195,0.8431199038405847
SYN-PROD-004|SYN-PROD-003,Anís Estrella|Copal,SYN-PROD-010,Jengibre,0.05177603853100542,0.9347826086956522,6.994026635330984,0.8363493477988405
SYN-PROD-004|SYN-PROD-010,Anís Estrella|Jengibre,SYN-PROD-009,Canela,0.05358217940999398,0.9888888888888889,6.317478632478633,0.8350914934154052
SYN-PROD-004|SYN-PROD-003,Anís Estrella|Copal,SYN-PROD-011,Café,0.05177603853100542,0.9347826086956522,6.839973185213561,0.8300435898947627
SYN-PROD-004|SYN-PROD-011,Anís Estrella|Café,SYN-PROD-010,Jengibre,0.05177603853100542,0.9247311827956989,6.918822047854306,0.8298829319902037
SYN-PROD-003|SYN-PROD-010,Copal|Jengibre,SYN-PROD-011,Café,0.052378085490668275,0.925531914893617,6.772284187833911,0.8268869544061505
SYN-PROD-011|SYN-PROD-009,Café|Canela,SYN-PROD-010,Jengibre,0.052980132450331126,0.9072164948453608,6.78777746818984,0.824079632932329
SYN-PROD-011|SYN-PROD-010,Café|Jengibre,SYN-PROD-009,Canela,0.052980132450331126,0.967032967032967,6.177852916314455,0.8192768903511339
SYN-PROD-004|SYN-PROD-009,Anís Estrella|Canela,SYN-PROD-003,Copal,0.05177603853100542,0.8514851485148515,7.252906829144453,0.8188681070455862
SYN-PROD-005|SYN-PROD-008,Eucalipto|Romero,SYN-PROD-012,Hierbabuena,0.048163756773028296,0.851063829787234,7.600091512239762,0.8165437051653547
SYN-PROD-004|SYN-PROD-009,Anís Estrella|Canela,SYN-PROD-010,Jengibre,0.05358217940999398,0.8811881188118812,6.593033627687094,0.8100669553915499
SYN-PROD-011|SYN-PROD-003,Café|Copal,SYN-PROD-010,Jengibre,0.052378085490668275,0.8787878787878788,6.575075075075075,0.8030583204648409
SYN-PROD-012|SYN-PROD-013,Hierbabuena|Vaporub,SYN-PROD-007,Menta,0.051173991571342566,0.9239130434782609,6.315306852746466,0.8021716654223607
SYN-PROD-004|SYN-PROD-011,Anís Estrella|Café,SYN-PROD-009,Canela,0.052378085490668275,0.9354838709677419,5.976302729528536,0.7976602158460042
SYN-PROD-004|SYN-PROD-003,Anís Estrella|Copal,SYN-PROD-009,Canela,0.05177603853100542,0.9347826086956522,5.9718227424749175,0.7945082188137835
SYN-PROD-012|SYN-PROD-008,Hierbabuena|Romero,SYN-PROD-013,Vaporub,0.048163756773028296,0.9411764705882353,6.278289629104654,0.792814396859904
SYN-PROD-012|SYN-PROD-008,Hierbabuena|Romero,SYN-PROD-007,Menta,0.047561709813365445,0.9294117647058824,6.352892762043089,0.7891702010437487
SYN-PROD-004|SYN-PROD-009,Anís Estrella|Canela,SYN-PROD-011,Café,0.052378085490668275,0.8613861386138614,6.302917956993937,0.7860525558456203
SYN-PROD-009|SYN-PROD-003,Canela|Copal,SYN-PROD-004,Anís Estrella,0.05177603853100542,0.9555555555555556,5.54957264957265,0.7842266795811298
SYN-PROD-005|SYN-PROD-012,Eucalipto|Hierbabuena,SYN-PROD-008,Romero,0.048163756773028296,0.898876404494382,6.407869990837633,0.7838599663796239
SYN-PROD-003|SYN-PROD-010,Copal|Jengibre,SYN-PROD-009,Canela,0.05177603853100542,0.9148936170212766,5.844762684124387,0.7826032072985035
SYN-PROD-012|SYN-PROD-008,Hierbabuena|Romero,SYN-PROD-005,Eucalipto,0.048163756773028296,0.9411764705882353,5.966771441400988,0.7800632493011893
SYN-PROD-011|SYN-PROD-010,Café|Jengibre,SYN-PROD-004,Anís Estrella,0.05177603853100542,0.945054945054945,5.488588334742181,0.7781909213175527
SYN-PROD-005|SYN-PROD-012,Eucalipto|Hierbabuena,SYN-PROD-013,Vaporub,0.04876580373269115,0.9101123595505618,6.071070800054149,0.7765936509145487
SYN-PROD-007|SYN-PROD-008,Menta|Romero,SYN-PROD-013,Vaporub,0.048163756773028296,0.9090909090909091,6.064257028112449,0.7732381981592032
SYN-PROD-005|SYN-PROD-012,Eucalipto|Hierbabuena,SYN-PROD-007,Menta,0.048163756773028296,0.898876404494382,6.144171637305219,0.7730661933364894
SYN-PROD-008|SYN-PROD-013,Romero|Vaporub,SYN-PROD-005,Eucalipto,0.049367850692354005,0.9111111111111111,5.776166242578456,0.7675914352733454
SYN-PROD-008|SYN-PROD-013,Romero|Vaporub,SYN-PROD-007,Menta,0.048163756773028296,0.8888888888888888,6.075903063557384,0.766905227132447
SYN-PROD-007|SYN-PROD-013,Menta|Vaporub,SYN-PROD-012,Hierbabuena,0.051173991571342566,0.7589285714285714,6.777313748079877,0.7654699144843059
SYN-PROD-012|SYN-PROD-013,Hierbabuena|Vaporub,SYN-PROD-008,Romero,0.048163756773028296,0.8695652173913043,6.19891770852771,0.7654268990511365
SYN-PROD-011|SYN-PROD-003,Café|Copal,SYN-PROD-009,Canela,0.052378085490668275,0.8787878787878788,5.614102564102565,0.7637235311300516
SYN-PROD-007|SYN-PROD-008,Menta|Romero,SYN-PROD-005,Eucalipto,0.048163756773028296,0.9090909090909091,5.763358778625954,0.7609217488127173
SYN-PROD-003|SYN-PROD-010,Copal|Jengibre,SYN-PROD-004,Anís Estrella,0.05177603853100542,0.9148936170212766,5.31342062193126,0.7608541688583426
SYN-PROD-005|SYN-PROD-008,Eucalipto|Romero,SYN-PROD-013,Vaporub,0.049367850692354005,0.8723404255319149,5.819106212082372,0.7562802954153414
SYN-PROD-004|SYN-PROD-001,Anís Estrella|Toronjil,SYN-PROD-014,Rosas de Castilla,0.046357615894039736,0.8850574712643678,6.000328407224959,0.754323574255792
SYN-PROD-011|SYN-PROD-009,Café|Canela,SYN-PROD-004,Anís Estrella,0.052378085490668275,0.8969072164948454,5.208961141950833,0.7532478136868838
SYN-PROD-012|SYN-PROD-007,Hierbabuena|Menta,SYN-PROD-013,Vaporub,0.051173991571342566,0.85,5.67008032128514,0.7508465677378714
SYN-PROD-009|SYN-PROD-010,Canela|Jengibre,SYN-PROD-003,Copal,0.05177603853100542,0.7478260869565218,6.369944258639911,0.7477851851995044
SYN-PROD-012|SYN-PROD-013,Hierbabuena|Vaporub,SYN-PROD-005,Eucalipto,0.04876580373269115,0.8804347826086957,5.581687686691006,0.7465584100092659
SYN-PROD-014|SYN-PROD-001,Rosas de Castilla|Toronjil,SYN-PROD-006,Lavanda,0.048163756773028296,0.898876404494382,5.429213483146067,0.7438013308602676
SYN-PROD-005|SYN-PROD-008,Eucalipto|Romero,SYN-PROD-007,Menta,0.048163756773028296,0.851063829787234,5.8173539970230275,0.7435722061894782
SYN-PROD-004|SYN-PROD-006,Anís Estrella|Lavanda,SYN-PROD-014,Rosas de Castilla,0.046357615894039736,0.8651685393258427,5.865489566613163,0.7421001796356888
SYN-PROD-004|SYN-PROD-014,Anís Estrella|Rosas de Castilla,SYN-PROD-001,Toronjil,0.046357615894039736,0.875,5.655155642023347,0.7368047094841144
SYN-PROD-011|SYN-PROD-003,Café|Copal,SYN-PROD-004,Anís Estrella,0.05177603853100542,0.8686868686868687,5.045066045066045,0.7342944975824478
SYN-PROD-005|SYN-PROD-007,Eucalipto|Menta,SYN-PROD-013,Vaporub,0.054184226369656835,0.7964601769911505,5.312933148523296,0.7318417929324572
SYN-PROD-004|SYN-PROD-006,Anís Estrella|Lavanda,SYN-PROD-001,Toronjil,0.046357615894039736,0.8651685393258427,5.591614567393871,0.7308898533512727
SYN-PROD-004|SYN-PROD-006,Anís Estrella|Lavanda,SYN-PROD-016,Manzanilla,0.04876580373269115,0.9101123595505618,4.892222101014509,0.7283406939310152
SYN-PROD-009|SYN-PROD-010,Canela|Jengibre,SYN-PROD-011,Café,0.052980132450331126,0.7652173913043478,5.5992338632445895,0.7275649750497019
SYN-PROD-004|SYN-PROD-001,Anís Estrella|Toronjil,SYN-PROD-006,Lavanda,0.046357615894039736,0.8850574712643678,5.345747126436781,0.7275300744539687
SYN-PROD-007|SYN-PROD-013,Menta|Vaporub,SYN-PROD-005,Eucalipto,0.054184226369656835,0.8035714285714286,5.094397491821156,0.725293682827869
SYN-PROD-004|SYN-PROD-014,Anís Estrella|Rosas de Castilla,SYN-PROD-016,Manzanilla,0.048163756773028296,0.9090909090909091,4.88673139158576,0.7250393971318801
SYN-PROD-004|SYN-PROD-001,Anís Estrella|Toronjil,SYN-PROD-016,Manzanilla,0.047561709813365445,0.9080459770114943,4.881114458951754,0.7217250185772973
SYN-PROD-004|SYN-PROD-014,Anís Estrella|Rosas de Castilla,SYN-PROD-006,Lavanda,0.046357615894039736,0.875,5.284999999999999,0.721653397626778
SYN-PROD-005|SYN-PROD-007,Eucalipto|Menta,SYN-PROD-012,Hierbabuena,0.048163756773028296,0.7079646017699115,6.322200019031306,0.7160010066373824
SYN-PROD-012|SYN-PROD-007,Hierbabuena|Menta,SYN-PROD-008,Romero,0.047561709813365445,0.79,5.631716738197425,0.7126580973507991
SYN-PROD-016|SYN-PROD-001,Manzanilla|Toronjil,SYN-PROD-006,Lavanda,0.05177603853100542,0.8113207547169812,4.900377358490566,0.7090351683885073
SYN-PROD-014|SYN-PROD-001,Rosas de Castilla|Toronjil,SYN-PROD-004,Anís Estrella,0.046357615894039736,0.8651685393258427,5.024632670700087,0.7076819954693448
SYN-PROD-006|SYN-PROD-014,Lavanda|Rosas de Castilla,SYN-PROD-001,Toronjil,0.048163756773028296,0.8080808080808081,5.222654561175962,0.7047411474209658
SYN-PROD-014|SYN-PROD-001,Rosas de Castilla|Toronjil,SYN-PROD-016,Manzanilla,0.04695966285370259,0.8764044943820225,4.711028689865824,0.7013651126743111
SYN-PROD-005|SYN-PROD-013,Eucalipto|Vaporub,SYN-PROD-007,Menta,0.054184226369656835,0.7377049180327869,5.0425015179113535,0.7009672680834153
SYN-PROD-004|SYN-PROD-016,Anís Estrella|Manzanilla,SYN-PROD-014,Rosas de Castilla,0.048163756773028296,0.7843137254901961,5.3173269307723094,0.700604926561466
SYN-PROD-012|SYN-PROD-007,Hierbabuena|Menta,SYN-PROD-005,Eucalipto,0.048163756773028296,0.8,5.07175572519084,0.6958406471519126
SYN-PROD-009|SYN-PROD-010,Canela|Jengibre,SYN-PROD-004,Anís Estrella,0.05358217940999398,0.7739130434782608,4.494648829431438,0.6880151578458161
SYN-PROD-005|SYN-PROD-013,Eucalipto|Vaporub,SYN-PROD-012,Hierbabuena,0.04876580373269115,0.6639344262295082,5.929005817028027,0.6877972823818691
SYN-PROD-004|SYN-PROD-016,Anís Estrella|Manzanilla,SYN-PROD-006,Lavanda,0.04876580373269115,0.7941176470588235,4.796470588235294,0.685322025563468
SYN-PROD-004|SYN-PROD-016,Anís Estrella|Manzanilla,SYN-PROD-001,Toronjil,0.047561709813365445,0.7745098039215687,5.00568398565652,0.6818117392975367
SYN-PROD-006|SYN-PROD-014,Lavanda|Rosas de Castilla,SYN-PROD-016,Manzanilla,0.04876580373269115,0.8181818181818182,4.398058252427185,0.6771256213531184
SYN-PROD-016|SYN-PROD-014,Manzanilla|Rosas de Castilla,SYN-PROD-006,Lavanda,0.04876580373269115,0.7641509433962265,4.615471698113208,0.6678121934821989
SYN-PROD-007|SYN-PROD-013,Menta|Vaporub,SYN-PROD-008,Romero,0.048163756773028296,0.7142857142857143,5.091968117719191,0.6677755304656974
SYN-PROD-006|SYN-PROD-016,Lavanda|Manzanilla,SYN-PROD-001,Toronjil,0.05177603853100542,0.7166666666666666,4.631841763942931,0.666137523698204
SYN-PROD-016|SYN-PROD-001,Manzanilla|Toronjil,SYN-PROD-014,Rosas de Castilla,0.04695966285370259,0.7358490566037735,4.988756257219869,0.6653548958767097
SYN-PROD-005|SYN-PROD-007,Eucalipto|Menta,SYN-PROD-008,Romero,0.048163756773028296,0.7079646017699115,5.046906452960614,0.6638003420100069
SYN-PROD-006|SYN-PROD-014,Lavanda|Rosas de Castilla,SYN-PROD-004,Anís Estrella,0.046357615894039736,0.7777777777777778,4.517094017094017,0.6574497245796336
SYN-PROD-016|SYN-PROD-014,Manzanilla|Rosas de Castilla,SYN-PROD-001,Toronjil,0.04695966285370259,0.7358490566037735,4.755818221863299,0.6558202125801628
SYN-PROD-006|SYN-PROD-001,Lavanda|Toronjil,SYN-PROD-016,Manzanilla,0.05177603853100542,0.7543859649122808,4.055129733719412,0.6552457595277387
SYN-PROD-016|SYN-PROD-014,Manzanilla|Rosas de Castilla,SYN-PROD-004,Anís Estrella,0.048163756773028296,0.7547169811320755,4.383164005805516,0.6523910838423145
SYN-PROD-006|SYN-PROD-001,Lavanda|Toronjil,SYN-PROD-014,Rosas de Castilla,0.048163756773028296,0.7017543859649124,4.7576083064804875,0.6498653800784356
SYN-PROD-005|SYN-PROD-013,Eucalipto|Vaporub,SYN-PROD-008,Romero,0.049367850692354005,0.6721311475409836,4.7914585238865826,0.6467300660322295
SYN-PROD-016|SYN-PROD-001,Manzanilla|Toronjil,SYN-PROD-004,Anís Estrella,0.047561709813365445,0.7452830188679245,4.328374455732946,0.6442361952942856
SYN-PROD-006|SYN-PROD-016,Lavanda|Manzanilla,SYN-PROD-014,Rosas de Castilla,0.04876580373269115,0.6749999999999999,4.576224489795918,0.636154836233437
SYN-PROD-013,Vaporub,SYN-PROD-005,Eucalipto,0.07344972907886815,0.48995983935742965,3.1061957754682847,0.6256319893868808
SYN-PROD-010,Jengibre,SYN-PROD-009,Canela,0.06923540036122817,0.5180180180180181,3.3093381843381846,0.624279199932143
SYN-PROD-005,Eucalipto,SYN-PROD-013,Vaporub,0.07344972907886815,0.46564885496183206,3.106195775468285,0.6174372755456682
SYN-PROD-006|SYN-PROD-016,Lavanda|Manzanilla,SYN-PROD-004,Anís Estrella,0.04876580373269115,0.6749999999999999,3.9201923076923073,0.6093019477426176
SYN-PROD-012,Hierbabuena,SYN-PROD-007,Menta,0.060204695966285374,0.5376344086021505,3.674941369087127,0.6048728292963528
SYN-PROD-009,Canela,SYN-PROD-010,Jengibre,0.06923540036122817,0.4423076923076923,3.3093381843381846,0.5987588654230444
SYN-PROD-006|SYN-PROD-001,Lavanda|Toronjil,SYN-PROD-004,Anís Estrella,0.046357615894039736,0.6754385964912282,3.9227395411605945,0.5986250915640505
SYN-PROD-003,Copal,SYN-PROD-011,Café,0.059602649006622516,0.5076923076923077,3.7148763131141984,0.5936823738941038
SYN-PROD-007,Menta,SYN-PROD-013,Vaporub,0.06742925948223961,0.46090534979423864,3.0745533574627726,0.5872207407501435
SYN-PROD-007,Menta,SYN-PROD-005,Eucalipto,0.06803130644190247,0.4650205761316872,2.948088461659284,0.5861636404701702
SYN-PROD-013,Vaporub,SYN-PROD-007,Menta,0.06742925948223961,0.4497991967871485,3.074553357462772,0.5834770936691017
SYN-PROD-005,Eucalipto,SYN-PROD-007,Menta,0.06803130644190247,0.4312977099236641,2.948088461659284,0.5747963821978029
SYN-PROD-006,Lavanda,SYN-PROD-016,Manzanilla,0.07224563515954245,0.4363636363636364,2.345631067961165,0.5709697302954336
SYN-PROD-001,Toronjil,SYN-PROD-006,Lavanda,0.06863335340156532,0.4435797665369649,2.6792217898832678,0.5706633176607488
SYN-PROD-011,Café,SYN-PROD-003,Copal,0.059602649006622516,0.43612334801762115,3.7148763131141984,0.5695580054644341
SYN-PROD-003,Copal,SYN-PROD-010,Jengibre,0.056592414208308246,0.48205128205128206,3.606699006699007,0.5669501862996569
SYN-PROD-007,Menta,SYN-PROD-012,Hierbabuena,0.060204695966285374,0.4115226337448559,3.6749413690871275,0.5623632422658039
SYN-PROD-006,Lavanda,SYN-PROD-001,Toronjil,0.06863335340156532,0.4145454545454545,2.679221789883268,0.5608764709220374
SYN-PROD-016,Manzanilla,SYN-PROD-006,Lavanda,0.07224563515954245,0.38834951456310685,2.345631067961165,0.5547851948570529
SYN-PROD-012,Hierbabuena,SYN-PROD-013,Vaporub,0.055388320288982544,0.4946236559139785,3.2994774798117197,0.5531483087910329
SYN-PROD-010,Jengibre,SYN-PROD-003,Copal,0.056592414208308246,0.4234234234234235,3.6066990066990074,0.5471879867621764
SYN-PROD-014,Rosas de Castilla,SYN-PROD-016,Manzanilla,0.0638169777242625,0.4326530612244898,2.3256852255465295,0.5306511798398713
SYN-PROD-012,Hierbabuena,SYN-PROD-005,Eucalipto,0.05358217940999398,0.478494623655914,3.0335098087498977,0.5286281736648452
SYN-PROD-003,Copal,SYN-PROD-004,Anís Estrella,0.055388320288982544,0.4717948717948718,2.7400394477317556,0.5225541426658036
SYN-PROD-003,Copal,SYN-PROD-009,Canela,0.054184226369656835,0.46153846153846156,2.948520710059172,0.5221660568330114
SYN-PROD-011,Café,SYN-PROD-009,Canela,0.058398555087296806,0.42731277533039647,2.7298712300914945,0.5208051714890357
SYN-PROD-012,Hierbabuena,SYN-PROD-008,Romero,0.051173991571342566,0.45698924731182794,3.257764548433246,0.5196294649201331
SYN-PROD-001,Toronjil,SYN-PROD-016,Manzanilla,0.0638169777242625,0.41245136186770426,2.2170929192953293,0.5193966883145293
SYN-PROD-013,Vaporub,SYN-PROD-012,Hierbabuena,0.055388320288982544,0.3694779116465863,3.2994774798117192,0.5109643500492153
SYN-PROD-010,Jengibre,SYN-PROD-011,Café,0.054786273329319686,0.40990990990990994,2.9993848474024687,0.5095773994634002
SYN-PROD-014,Rosas de Castilla,SYN-PROD-006,Lavanda,0.059602649006622516,0.40408163265306124,2.4406530612244897,0.5066005730167271
SYN-PROD-011,Café,SYN-PROD-010,Jengibre,0.054786273329319686,0.4008810572687225,2.9993848474024687,0.5065339659888427
SYN-PROD-009,Canela,SYN-PROD-011,Café,0.058398555087296806,0.3730769230769231,2.7298712300914945,0.5025234235384267
SYN-PROD-016,Manzanilla,SYN-PROD-014,Rosas de Castilla,0.0638169777242625,0.343042071197411,2.3256852255465295,0.5004452281453503
SYN-PROD-009,Canela,SYN-PROD-004,Anís Estrella,0.060806742925948225,0.38846153846153847,2.2560650887573965,0.4992442482875406
SYN-PROD-008,Romero,SYN-PROD-005,Eucalipto,0.056592414208308246,0.4034334763948498,2.557645054549029,0.4975096394236262
SYN-PROD-016,Manzanilla,SYN-PROD-001,Toronjil,0.0638169777242625,0.343042071197411,2.2170929192953293,0.4960002982009473
SYN-PROD-006,Lavanda,SYN-PROD-014,Rosas de Castilla,0.059602649006622516,0.36,2.4406530612244897,0.49174159571794235
SYN-PROD-011,Café,SYN-PROD-004,Anís Estrella,0.055990367248645395,0.40969162995594716,2.3793629278210777,0.4895893962370637
SYN-PROD-008,Romero,SYN-PROD-012,Hierbabuena,0.051173991571342566,0.3648068669527897,3.2577645484332454,0.48855675243955843
SYN-PROD-004,Anís Estrella,SYN-PROD-009,Canela,0.060806742925948225,0.3531468531468531,2.2560650887573965,0.48734042177697257
SYN-PROD-009,Canela,SYN-PROD-003,Copal,0.054184226369656835,0.34615384615384615,2.9485207100591717,0.4832723662539276
SYN-PROD-005,Eucalipto,SYN-PROD-008,Romero,0.056592414208308246,0.35877862595419846,2.5576450545490284,0.4824574426458786
SYN-PROD-005,Eucalipto,SYN-PROD-012,Hierbabuena,0.05358217940999398,0.33969465648854963,3.0335098087498973,0.48184166787809307
SYN-PROD-008,Romero,SYN-PROD-013,Vaporub,0.054184226369656835,0.38626609442060084,2.5766585655928433,0.4815721859342452
SYN-PROD-010,Jengibre,SYN-PROD-004,Anís Estrella,0.054184226369656835,0.4054054054054055,2.3544698544698552,0.47892895005464164
SYN-PROD-004,Anís Estrella,SYN-PROD-016,Manzanilla,0.061408789885611076,0.35664335664335667,1.9171023151605677,0.4773767420526203
SYN-PROD-008,Romero,SYN-PROD-007,Menta,0.052980132450331126,0.3776824034334764,2.581606881082322,0.4734168718768861
SYN-PROD-013,Vaporub,SYN-PROD-008,Romero,0.054184226369656835,0.36144578313253006,2.576658565592843,0.4732057888708506
SYN-PROD-004,Anís Estrella,SYN-PROD-003,Copal,0.055388320288982544,0.32167832167832167,2.7400394477317556,0.4719530583568541
SYN-PROD-016,Manzanilla,SYN-PROD-004,Anís Estrella,0.061408789885611076,0.3300970873786408,1.9171023151605677,0.46842856140159256
SYN-PROD-007,Menta,SYN-PROD-008,Romero,0.052980132450331126,0.3621399176954732,2.581606881082322,0.4681778317404805
SYN-PROD-014,Rosas de Castilla,SYN-PROD-001,Toronjil,0.05358217940999398,0.363265306122449,2.3477963948225207,0.46171902189597464
SYN-PROD-004,Anís Estrella,SYN-PROD-011,Café,0.055990367248645395,0.32517482517482516,2.3793629278210773,0.4611005856366855
SYN-PROD-001,Toronjil,SYN-PROD-014,Rosas de Castilla,0.05358217940999398,0.3463035019455253,2.3477963948225207,0.45600155981386553
SYN-PROD-004,Anís Estrella,SYN-PROD-010,Jengibre,0.054184226369656835,0.3146853146853147,2.354469854469855,0.4483491441939369
SYN-PROD-014,Rosas de Castilla,SYN-PROD-004,Anís Estrella,0.052980132450331126,0.35918367346938773,2.086028257456829,0.4468961853197399
SYN-PROD-001,Toronjil,SYN-PROD-004,Anís Estrella,0.052378085490668275,0.33852140077821014,1.9660281352888358,0.4322872560812203
SYN-PROD-004,Anís Estrella,SYN-PROD-014,Rosas de Castilla,0.052980132450331126,0.3076923076923077,2.086028257456829,0.4295395451701623
SYN-PROD-006,Lavanda,SYN-PROD-004,Anís Estrella,0.05358217940999398,0.3236363636363636,1.8795804195804195,0.4291958071905653
SYN-PROD-004,Anís Estrella,SYN-PROD-006,Lavanda,0.05358217940999398,0.3111888111888112,1.8795804195804195,0.42500000299476115
SYN-PROD-004,Anís Estrella,SYN-PROD-001,Toronjil,0.052378085490668275,0.3041958041958042,1.966028135288836,0.4207168302669262
